"289","0x52","000010000a00001bc0bfcbd796141cde6f"
"291","0x1b","000011001e0100b0d9b38da4fa066624e73f91ddfc7c2bfeba93103363b65d2cc1538f2a1e"
"292","0x52","0101120116010075ed1f50c234b2182086f3bdf8"
"293","0x52","00010e4e6733ec5d930ccf"
"295","0x1b","0001130103010001e8cc"
"296","0x52","0002200200382c"
"298","0x1b","0002210204020005008237"
"299","0x52","0003540300c11b"
"301","0x1b","00035503309fc00b3f9fc00b3f00000000000000007e4f6705df6a0f003000000000000000868cae0c3000000000000000a2430f00c569"
"302","0x52","00043604005d77"
"304","0x1b","000437040850bf8d1a760c0000dcfd"
"305","0x52","0005a005010077b6"
"307","0x1b","0005a1050600009add2476065f"
"308","0x52","0006a0060104a3af"
"310","0x1b","0006a1060600041a000000fb30"
"311","0x52","00073607000e22"
"313","0x1b","000737070850bf8d1a770c0000a73a"
"314","0x52","0008240800331f"
"316","0x1b","0008250804000000146e30"
"317","0x52","0009320900c1dd"
"319","0x1b","000933090700000000000000a9f8"
"320","0x52","000a2a0a005062"
"322","0x1b","000a2b0a0a00000000000000000000e4de"
"323","0x52","000b280b00013f"
"325","0x1b","000b290b09000000000000000001df1d"
"326","0x52","000c380c00f5e5"
"328","0x1b","000c390c0900ffc8c8c804c80000a4a5"
"329","0x52","000d2c0d006749"
"331","0x1b","000d2d0d0f000000c8c80000000000000000000055ef"
"332","0x52","000e2e0e005472"
"334","0x1b","000e2f0e12000000c8c80000000000000000000000000031ae"
"335","0x52","000f3e0f000602"
"337","0x1b","000f3f0f0800ffffffffffffff9bed"
"338","0x52","0010441000820e"
"340","0x1b","00104510080000000000000000bda4"
"341","0x52","00114a1100b226"
"343","0x1b","00114b110800000000000000008298"
"344","0x52","00124612008006"
"346","0x1b","0012471208000000000000000084da"
"347","0x52","0013481300b02e"
"349","0x1b","00134913080000000000000000bbe6"
"350","0x52","00148a1400b0ff"
"352","0x1b","00148b1408b80b0000b80b0000c6fd"
"353","0x52","00158c1500217e"
"355","0x1b","00158d150410271027b92f"
"356","0x52","00165816002692"
"358","0x1b","00165916690f000000000000000000007800000000000000000000000000000000000000000000000000000000000000000000000000000000000000000000000000000000000000000000000000000000005a0000000000000000000000000000000000000001004600c800030043f8"
"359","0x52","001756170016ba"
"361","0x1b","001757170e00f401d007000003000000000000b2e7"
"362","0x52","0018521800e876"
"364","0x1b","00185318091446010c00001e000021eb"
"365","0x52","00195a190078ec"
"385","0x1b","00195b190cc80001000007500001000007a5da"
"386","0x52","001a5c1a008b0b"
"388","0x1b","001a5d1a06030005030005db3c"
"389","0x52","001b5e1b00da56"
"391","0x1b","001b5f1b03140105c934"
"392","0x52","001c601c00e911"
"394","0x1b","001c611c113030303030310000000000000000000002d2cc"
"395","0x52","001db21d002c29"
"397","0x1b","001db31d130000000000000000040000000000000000000095d3"
"398","0x52","001e901e00d994"
"400","0x1b","001e911e0b6464000000000000000000fa96"
"401","0x52","001f6c1f00db31"
"403","0x1b","001f6d1f110000000000000000000000000000000000075b"
"404","0x52","0020502000b494"
"406","0x1b","002051200a00000000000000000000964d"
"407","0x52","0021222100ed11"
"409","0x1b","00212321080000000000000400fcb5"
"410","0x52","0022a4220044cd"
"412","0x1b","0022a522180000000000000000000000000000000000000000000000001436"
"413","0x52","00233a23004d9d"
"415","0x1b","00233b230cd811000000000000d7110000b61c"
"416","0x52","0024b224002196"
"418","0x1b","0024b3241300000000000000000400000000000000000000634a"
"419","0x52","00256a25002569"
"421","0x1b","00256b251800006405a40100006405a40100006405a40100006405a401ba86"
"422","0x52","00266a2600763c"
"425","0x1b","00266b261800006405a40100006405a40100006405a40100006405a4013862"
"426","0x52","0027362700e824"
"428","0x1b","00273727085cbf8d1a830c0000a147"
"515","0x52","0028362800d634"
"517","0x1b","002837280899bf8d1ac00c0000bfa7"
"659","0x52","000010000a00006dc6021e1c87fefb3ef4"
"661","0x1b","000011001e0100fb33581b40a4ecbd7f55df4c0a287ce6ca6ffca41c0108f69b9c662c57c9"
"662","0x52","0101120116010018755c365e2010868fb551771a"
"663","0x52","0001347a1134cf9ac1ecea"
"665","0x1b","0001130103010001e8cc"
"666","0x52","0002200200382c"
"668","0x1b","0002210204020005008237"
"669","0x52","0003540300c11b"
"671","0x1b","00035503309fc00b3f9fc00b3f00000000000000007e4f6705df6a0f003000000000000000868cae0c3000000000000000a2430f00c569"
"672","0x52","00043604005d77"
"674","0x1b","0004370408a9bf8d1ad00c0000b724"
"675","0x52","0005a005010077b6"
"677","0x1b","0005a1050600009add2476065f"
"678","0x52","0006a0060104a3af"
"680","0x1b","0006a1060600041a000000fb30"
"681","0x52","00073607000e22"
"683","0x1b","0007370708a9bf8d1ad00c00007895"
"684","0x52","0008240800331f"
"686","0x1b","0008250804000000146e30"
"687","0x52","0009320900c1dd"
"689","0x1b","000933090700000000000000a9f8"
"690","0x52","000a2a0a005062"
"692","0x1b","000a2b0a0a00000000000000000000e4de"
"693","0x52","000b280b00013f"
"695","0x1b","000b290b09000000000000000001df1d"
"696","0x52","000c380c00f5e5"
"698","0x1b","000c390c0900ffc8c8c804c80000a4a5"
"699","0x52","000d2c0d006749"
"701","0x1b","000d2d0d0f000000c8c80000000000000000000055ef"
"702","0x52","000e2e0e005472"
"704","0x1b","000e2f0e12000000c8c80000000000000000000000000031ae"
"705","0x52","000f3e0f000602"
"707","0x1b","000f3f0f0800ffffffffffffff9bed"
"708","0x52","0010441000820e"
"710","0x1b","00104510080000000000000000bda4"
"711","0x52","00114a1100b226"
"713","0x1b","00114b110800000000000000008298"
"714","0x52","00124612008006"
"716","0x1b","0012471208000000000000000084da"
"717","0x52","0013481300b02e"
"719","0x1b","00134913080000000000000000bbe6"
"720","0x52","00148a1400b0ff"
"722","0x1b","00148b1408b80b0000b80b0000c6fd"
"723","0x52","00158c1500217e"
"725","0x1b","00158d150410271027b92f"
"726","0x52","00165816002692"
"728","0x1b","00165916690f000000000000000000007800000000000000000000000000000000000000000000000000000000000000000000000000000000000000000000000000000000000000000000000000000000005a0000000000000000000000000000000000000001004600c800030043f8"
"729","0x52","001756170016ba"
"731","0x1b","001757170e00f401d007000003000000000000b2e7"
"732","0x52","0018521800e876"
"734","0x1b","00185318091446010c00001e000021eb"
"735","0x52","00195a190078ec"
"737","0x1b","00195b190cc80001000007500001000007a5da"
"738","0x52","001a5c1a008b0b"
"740","0x1b","001a5d1a06030005030005db3c"
"741","0x52","001b5e1b00da56"
"743","0x1b","001b5f1b03140105c934"
"744","0x52","001c601c00e911"
"746","0x1b","001c611c113030303030310000000000000000000002d2cc"
"747","0x52","001db21d002c29"
"749","0x1b","001db31d130000000000000000040000000000000000000095d3"
"750","0x52","001e901e00d994"
"752","0x1b","001e911e0b6464000000000000000000fa96"
"753","0x52","001f6c1f00db31"
"755","0x1b","001f6d1f110000000000000000000000000000000000075b"
"756","0x52","0020502000b494"
"758","0x1b","002051200a00000000000000000000964d"
"759","0x52","0021222100ed11"
"761","0x1b","00212321080000000000000400fcb5"
"762","0x52","0022a4220044cd"
"764","0x1b","0022a522180000000000000000000000000000000000000000000000001436"
"765","0x52","00233a23004d9d"
"767","0x1b","00233b230cdd11000000000000dc110000080c"
"768","0x52","0024b224002196"
"770","0x1b","0024b3241300000000000000000400000000000000000000634a"
"771","0x52","00256a25002569"
"773","0x1b","00256b251800006405a40100006405a40100006405a40100006405a401ba86"
"774","0x52","00263c2605dc11000005f86b"
"776","0x1b","00263d260200204d66"
"777","0x52","00276a2700470f"
"779","0x1b","0000810050032092009abf8d1adc110000020100009e0000002800000000000000c1009abf8d1adb1100002a2a01003b003907e803000000000000b7008abf8d1ada1100009a992e4100000000000000000000000054fd"
"780","0x1b","00008100360220b70074bf8d1ad9110000cdcce840000000000000000000000000b7005fbf8d1ad8110000cdcc684000000000000000000000000010cd"
"781","0x1b","00276b271800006405a40100006405a40100006405a40100006405a40159ce"
"782","0x1b","20000400"
"783","0x52","00000000"
"784","0x52","0028282800b46c"
"787","0x1b","00282928090000000000000000015fcf"
"788","0x52","00292229004498"
"790","0x1b","00292329080000000000000400b7ff"
"791","0x52","002a382a00b549"
"793","0x1b","002a392a0900ffc8c8c804c801001bcd"
"794","0x52","002b3a2b00e414"
"796","0x1b","002b3b2b0cdf11000000000000de110000e10c"
"797","0x52","002cb22c00881f"
"799","0x1b","002cb32c13000000000000000004000000000000000000001585"
"800","0x52","002d242d0020e6"
"802","0x1b","002d252d04b4000114764e"
"803","0x52","002e3a2e0011eb"
"805","0x1b","002e3b2e0cdf11000000000000de110000258a"
"806","0x52","002fb22f00db4a"
"808","0x1b","002fb32f13000000000000000004000000000000000000002eeb"
"809","0x52","00303c3005de11000002c2c9"
"811","0x1b","00303d30020021524a"
"812","0x52","00316a310092a6"
"814","0x1b","000081003602213f00b2bf8d1ade110000826b344103000000ffffffff000000002100b2bf8d1add110000b4000000dbcc37430000000000000000d780"
"815","0x1b","00316b311800006405a40100006405a40100006405a40100006405a4012670"
"816","0x52","00326a3200c1f3"
"818","0x1b","00326b321800006405a40100006405a40100006405a40100006405a401a494"
"819","0x1b","40000000"
"820","0x52","00000000"
"821","0x52","00332433005cc6"
"824","0x1b","0033253304b400011451d4"
"825","0x52","00346c3400c7eb"
"827","0x1b","00346d3411000000000000000000000000000000000083d9"
"828","0x52","00353a35009834"
"830","0x1b","00353b350cdf11000000000000de1100001a2a"
"831","0x52","00363a3600cb61"
"833","0x1b","00363b360cdf11000000000000de110000b9a7"
"840","0x1b","40000000"
"841","0x52","0037243700980a"
"843","0x1b","0037253704b4000114f0d2"
"844","0x52","00383a3800c442"
"846","0x1b","00383b380ce011000000000000df110000127b"
"847","0x52","00396c39009b9d"
"849","0x1b","00396d39110000000000000000000000000000000000bddf"
"850","0x52","00000000"
"851","0x52","003a3a3a00a624"
"854","0x1b","003a3b3a0ce011000000000000df110000d08d"
"855","0x52","003b3c3b05df11000001df18"
"857","0x1b","003b3d3b0200222e64"
"858","0x1b","000081001c01223d00babf8d1adf1100009a99993e030000000000000000000000b689"
"899","0x52","003c363c0061fb"
"935","0x1b","003c373c08d7bf8d1afe0c00006e78"
"936","0x1b","00200000"
"937","0x52","00000000"
"938","0x52","003d3e3d00f161"
"940","0x1b","003d3f3d080100ffffffffffff287c"
"941","0x52","003e3a3e0062e8"
"943","0x1b","003e3b3e0ceb11000000000000ea110000eefe"
"944","0x52","003f3a3f0053db"
"946","0x1b","003f3b3f0ceb11000000000000ea1100008f85"
"947","0x52","004040400100c0c4"
"949","0x1b","00404140170041000000000000000000000000000000002c01102701b63a"
"950","0x52","00413c4105ea1100000b03e1"
"958","0x1b","00413d41020023d15e"
"959","0x1b","000081005003234700d7bf8d1aea1100000100000000ffffffffff0000000000003900d7bf8d1ae9110000000000000000000000000000000000004500d7bf8d1ae811000000030000000000004100000000000000e783"
"960","0x1b","000081005003234700d7bf8d1ae71100000100000000ffffffffff0000000000003900d7bf8d1ae6110000000000000000000000000000000000004500d7bf8d1ae51100000000000000000000410000000000000044ef"
"962","0x1b","00008100500323db00c4bf8d1ae4110000000000000000000000000000060000001701c2bf8d1ae3110000000000000000ffffffffffff000000006000bfbf8d1ae2110000010203012c0100000000000000000000965d"
"963","0x1b","000081003602236000bfbf8d1ae1110000000201002c01000000000000000000006100bfbf8d1ae0110000020400004600c80003000000000000006808"
"964","0x52","00425842005d50"
"966","0x1b","00425942690f0000000000000000000078000000000000000000002c0100000000000000010300000000000000000000000000000000000000000000000000000000000000000000000000000000000000005a0000000000000000000000000000000000000001004600c8000304dadb"
"967","0x1b","00220000"
"968","0x52","00433a43006796"
"970","0x1b","00433b430cf011000000000000ef110000e476"
"971","0x52","00000000"
"972","0x52","00446c44009ee3"
"974","0x1b","00446d441100000000000000000000000000000000001048"
"975","0x52","0045384500a152"
"977","0x1b","004539450900ffc8c8c804c8010087a8"
"978","0x52","00462846009144"
"980","0x1b","0046294609e8030000000000000197d4"
"981","0x52","00472a4700c019"
"983","0x1b","00472b470a00000000000000000000ad16"
"984","0x52","00483e48005d96"
"986","0x1b","00483f48080100ffffffffff00297f"
"987","0x52","00493a4900ac79"
"989","0x1b","00493b490cf011000000000000ef1100004d6b"
"990","0x52","004a3c4a05ef11000005b568"
"992","0x1b","004a3d4a0200242930"
"993","0x52","004bb24b00358d"
"995","0x1b","000081005003244400ebbf8d1aef110000000f00060000e8031e006e00701700004400ebbf8d1aee110000000b00040000e8031e000000701700004400ebbf8d1aed110000000900050000e8031e00000000000000693a"
"996","0x1b","000081003602244400ebbf8d1aec110000000100030000e80300000000000000004400ebbf8d1aeb11000000000000000000000000000000000000577e"
"997","0x1b","004bb34b1300000000000000000400000000000000000000589a"
"998","0x52","004c404c0100a1b1"
"1000","0x1b","004c414c170041000000000000000000000000000000012c011027010574"
"1001","0x52","004d6a4d00a6eb"
"1003","0x1b","004d6b4d1800006405a40100006405a40100006405a40100006405a401eaf6"
"1004","0x52","004e424e02000041e6"
"1006","0x1b","004e434e0f00000000e803701700006e001e000fce00"
"1007","0x1b","20084000"
"1008","0x52","004f284f0009fe"
"1010","0x1b","004f294f09e8030000000000000150ae"
"1011","0x52","0050225000852a"
"1013","0x1b","005023500800000000000004003805"
"1014","0x52","0051385100169d"
"1016","0x1b","005139510900ffc8c8c804000100ab23"
"1017","0x52","00523a520025a6"
"1019","0x1b","00523b520cf311000000000000f2110000ccec"
"1020","0x52","0053b25300ef07"
"1022","0x1b","0053b3531301dc0001640000000400000000000000000000c06e"
"1023","0x52","00546c5400ede0"
"1025","0x1b","00546d541100000000000000000000000000000000016c68"
"1026","0x52","00556c5500dcd3"
"1028","0x1b","00556d5511000000000000000000000000000000000173b6"
"1029","0x52","0056b256001af8"
"1031","0x1b","0056b3561301dc00016400000004000000000000000000008ddc"
"1032","0x52","00576a57001e07"
"1034","0x1b","00576b571800006405a40100006405a40100006405a40100006405a401feea"
"1035","0x52","00000000"
"1036","0x52","00583a5800ee49"
"1038","0x1b","00583b580cf311000000000000f211000065f1"
"1039","0x52","0059b2590024e8"
"1041","0x1b","0059b3591301dc00016400000004000000000000000000007b1a"
"1042","0x52","005a3c5a05f211000003281a"
"1044","0x1b","005a3d5a020025af3b"
"1045","0x52","005b6a5b007342"
"1047","0x1b","00008100500325f500ffbf8d1af211000064000000000000000000000000000000f600ffbf8d1af1110000dc000000010000000000000000000000f400ffbf8d1af01100000100000000000000000000000000000068f8"
"1048","0x1b","005b6b5b1800006405a40100006405a40100006405a40100006405a4019548"
"1049","0x52","005c6a5c00e4db"
"1051","0x1b","005c6b5c1800006405a40100006405a40100006405a40100006405a401d13d"
"1052","0x52","005d6a5d00d5e8"
"1054","0x1b","005d6b5d1800006405a40100006405a40100006405a40100006405a401b091"
"1055","0x52","005e365e002996"
"1226","0x52","000010000a0000c9fc45b02fec0b618c82"
"1228","0x1b","000011001e01008fb4a0495a9b92bcc50e3207b4ddd35ac9ed7f5c2eb2e6f29b725da182e8"
"1229","0x52","01011201160100a2bd1e4c126b632289839ca5cd"
"1230","0x52","0001b73868ec80a1c43661"
"1232","0x1b","0001130103010001e8cc"
"1233","0x52","0002200200382c"
"1235","0x1b","0002210204020005008237"
"1236","0x52","0003540300c11b"
"1238","0x1b","00035503309fc00b3f9fc00b3f00000000000000007e4f6705df6a0f003000000000000000868cae0c3000000000000000a2430f00c569"
"1239","0x52","00043604005d77"
"1241","0x1b","000437040819c08d1a3f0d000056f6"
"1242","0x52","0005a005010077b6"
"1244","0x1b","0005a1050600009add2476065f"
"1245","0x52","0006a0060104a3af"
"1247","0x1b","0006a1060600041a000000fb30"
"1248","0x52","00073607000e22"
"1250","0x1b","000737070819c08d1a400d000002d1"
"1251","0x52","0008240800331f"
"1253","0x1b","0008250804b40001147f38"
"1254","0x52","0009320900c1dd"
"1256","0x1b","000933090700000000000000a9f8"
"1257","0x52","000a2a0a005062"
"1259","0x1b","000a2b0a0a00000000000000000000e4de"
"1260","0x52","000b280b00013f"
"1262","0x1b","000b290b09e80300000000000001c2bb"
"1263","0x52","000c380c00f5e5"
"1265","0x1b","000c390c0900ffc8c8c804000100c319"
"1266","0x52","000d2c0d006749"
"1268","0x1b","000d2d0d0f000000c8c80000000000000000000055ef"
"1269","0x52","000e2e0e005472"
"1271","0x1b","000e2f0e12000000c8c80000000000000000000000000031ae"
"1272","0x52","000f3e0f000602"
"1274","0x1b","000f3f0f080100ffffffffff00c911"
"1275","0x52","0010441000820e"
"1277","0x1b","00104510080000000000000000bda4"
"1278","0x52","00114a1100b226"
"1280","0x1b","00114b110800000000000000008298"
"1281","0x52","00124612008006"
"1283","0x1b","0012471208000000000000000084da"
"1284","0x52","0013481300b02e"
"1286","0x1b","00134913080000000000000000bbe6"
"1287","0x52","00148a1400b0ff"
"1289","0x1b","00148b1408b80b0000b80b0000c6fd"
"1290","0x52","00158c1500217e"
"1292","0x1b","00158d150410271027b92f"
"1293","0x52","00165816002692"
"1295","0x1b","00165916690f0000000000000000000078000000000000000000002c0100000000000000010300000000000000000000000000000000000000000000000000000000000000000000000000000000000000005a0000000000000000000000000000000000000001004600c80003041b1d"
"1296","0x52","001756170016ba"
"1298","0x1b","001757170e00f401d007000003000000000000b2e7"
"1299","0x52","0018521800e876"
"1301","0x1b","00185318091446010c00001e000021eb"
"1302","0x52","00195a190078ec"
"1304","0x1b","00195b190cc80001000007500001000007a5da"
"1305","0x52","001a5c1a008b0b"
"1307","0x1b","001a5d1a06030005030005db3c"
"1308","0x52","001b5e1b00da56"
"1310","0x1b","001b5f1b03140105c934"
"1311","0x52","001c601c00e911"
"1313","0x1b","001c611c113030303030310000000000000000000002d2cc"
"1314","0x52","001db21d002c29"
"1334","0x1b","001db31d1301dc0001640000000400000000000000000000b666"
"1335","0x52","001e901e00d994"
"1337","0x1b","001e911e0b6464000000000000000000fa96"
"1338","0x52","001f6c1f00db31"
"1340","0x1b","001f6d1f110000000000000000000000000000000001264b"
"1341","0x52","0020502000b494"
"1343","0x1b","002051200a00000000000000000000964d"
"1344","0x52","0021222100ed11"
"1346","0x1b","00212321080000000000000400fcb5"
"1347","0x52","0022a4220044cd"
"1349","0x1b","0022a522180000000000000000000000000000000000000000000000001436"
"1350","0x52","00233a23004d9d"
"1352","0x1b","00233b230cf611000000000000f5110000a6b8"
"1353","0x52","0024b224002196"
"1355","0x1b","0024b3241301dc000164000000040000000000000000000040ff"
"1356","0x52","0025402501005bb4"
"1358","0x1b","00254125170041000000000000000000000000000000012c01102701cb64"
"1359","0x52","00266a2600763c"
"1362","0x1b","00266b261800006405a40100006405a40100006405a40100006405a4013862"
"1363","0x52","00273c2705f5110000039713"
"1365","0x1b","00273d270200263f70"
"1366","0x52","00286a2800791f"
"1368","0x1b","00008100500326080114c08d1af511000096010000000000000000000000000000080114c08d1af41100001c01000026043c00000000000900c003090003c08d1af31100006464050400000000b40001ffffff0000e534"
"1369","0x1b","00286b281800006405a40100006405a40100006405a40100006405a401b088"
"1370","0x52","00294229020000beee"
"1372","0x1b","002943290f00000000e803701700006e001e000f6636"
"1379","0x1b","00011000"
"1380","0x52","002a3a2a00d527"
"1382","0x1b","002a3b2a0cf811000000000000f711000052d5"
"1383","0x52","002b6c2b008af8"
"1385","0x1b","002b6d2b110000000000000000000000000000000001de53"
"1386","0x52","002c502c00d9d1"
"1388","0x1b","002c512c0a00000000000000000000ea5b"
"1389","0x52","002d362d0023cb"
"1391","0x1b","002d372d0804628e1a590d0000c294"
"1392","0x52","002e3e2e00d137"
"1394","0x1b","002e3f2e080100ffffffffff008147"
"1395","0x52","00000000"
"1396","0x52","002f3a2f0020d8"
"1398","0x1b","002f3b2f0cf811000000000000f71100009653"
"1399","0x52","00303c3005f7110000020a69"
"1401","0x1b","00303d30020027942a"
"1402","0x52","003140310100f82b"
"1405","0x1b","000081003602270d0004628e1af711000085d32101a0ef990346efd84300000000510032c08d1af611000000000000000000000000000001644c10b1c5"
"1406","0x1b","00314131170041000000000000000000000000000000012c01102701fe79"
"1407","0x52","0032423202000006eb"
"1409","0x1b","003243320f00000000e803701700006e001e000f519e"
"1426","0x52","00333633005feb"
"1428","0x1b","003337330843628e1a980d000078cd"
"1503","0x52","0034363400c872"
"1505","0x1b","00343734087e628e1ad30d0000b9b1"
"1588","0x52","0035363500f941"
"1590","0x1b","0035373508ba628e1a0f0e0000a164"
"1681","0x52","0036363600aa14"
"1683","0x1b","0036373608f5628e1a4a0e0000a528"
"1694","0x52","00373637009b27"
"1696","0x1b","003737370831638e1a860e00002b07"
"1709","0x52","00383a3800c442"
"1711","0x1b","00383b380cfc11000000000000fb11000081a7"
"1712","0x52","0039283900f65c"
"1714","0x1b","0039293909e8030000000000000136e4"
"1715","0x52","013aa23a1831638e1ae90d2ba38a8d01e8b70ac8"
"1716","0x52","003a25a705fb4178bfee5c4dd1"
"1719","0x1b","003aa33a1e01000000000159638e1a12dcc48890adc5f3bbd3883c616b3895f0ef161ce548"
"1720","0x52","003b3c3b05fb11000004c8c9"
"1722","0x1b","003b3d3b02002864c5"
"1723","0x1b","00008100500328db00c2628e1afb11000000000000000000000000000006000000ed00c1628e1afa110000000000000000000000000000000000001701c1628e1af9110000000000000000e803ffffffff00000000657a"
"1724","0x1b","000081001c0128170021628e1af8110000640000006400000099000000ce649a0367f3"
"1725","0x1b","a0024000"
"1726","0x52","003c283c0003a3"
"1728","0x1b","003c293c09e8030000e803000000e4df"
"1729","0x52","003d223d00f357"
"1731","0x1b","003d233d08000000000000040014c6"
"1732","0x52","003e383e000286"
"1734","0x1b","003e393e0900ffc8c8c800000100c68c"
"1735","0x52","003f3a3f0053db"
"1737","0x1b","003f3b3f0c0812000000000000071200009705"
"1738","0x52","0040b24000cf51"
"1740","0x1b","0040b3401301dc0001640000000402000000000000000000bc50"
"1741","0x52","004124410067a8"
"1743","0x1b","0041254104b40001148d1a"
"1744","0x52","00426c42003849"
"1746","0x1b","00426d4211000000000000000000000000000000000131bc"
"1747","0x52","0043224300a57c"
"1749","0x1b","004323430800000000000004006120"
"1750","0x52","00443e440030d3"
"1752","0x1b","00443f44080100ffffffffff005798"
"1753","0x52","00456c4500afd0"
"1755","0x1b","00456d451100000000000000000000000000000000012e86"
"1756","0x52","0046384600f207"
"1758","0x1b","004639460900ffc8c8c800000100da95"
"1759","0x52","0047284700a077"
"1761","0x1b","0047294709e8030000e80300000002be"
"1762","0x52","00482a4800fe09"
"1764","0x1b","00482b480a000000000000000000004e05"
"1765","0x52","00496c4900c295"
"1767","0x1b","00496d491100000000000000000000000000000000010f5e"
"1768","0x52","004ab24a0004be"
"1770","0x1b","004ab34a1301dc00016400000004020000000000000000000724"
"1771","0x52","004b6a4b000041"
"1773","0x1b","004b6b4b1800006405a40100006405a40100006405a40100006405a401cf2f"
"1774","0x52","00000000"
"1775","0x52","004c3a4c005986"
"1778","0x1b","004c3b4c0c081200000000000007120000b3f8"
"1779","0x52","004db24d009327"
"1781","0x1b","004db34d1301dc0001640000000402000000000000000000872d"
"1782","0x52","004e3c4e05071200000ca79a"
"1784","0x1b","004e3d4e020029752b"
"1785","0x52","004f6a4f00c48d"
"1787","0x1b","00008100500329090065638e1a071200006464050400000000b40001ffffff0000170165638e1a0612000001000000e803e803ffffffff00000000030065638e1a051200000000803f0000803f000040400000210036ab"
"1788","0x1b","00008100500329e60065638e1a04120000020000000001000000000000000000000c0065638e1a0312000064000000b40000000000000000000000090060638e1a021200006464050400000000b40001ffffff0000351e"
"1789","0x1b","004f6b4f1800006405a40100006405a40100006405a40100006405a40109be"
"1790","0x52","005028500044ed"
"1792","0x1b","000081005003290a005e638e1a0112000001030000d7349f038a369f03ce379f0316005d638e1a001200006400000064000000010000000c349f0311005b638e1aff110000fa2e9f030000000000000000000000006a11"
"1794","0x1b","0000810050032911005b638e1afe1100005e2e9f03010000000000000000000000290159638e1afd11000000000000010100000000000000000000520159638e1afc11000031638e1a00000000000000000000000033ad"
"1795","0x1b","0050295009e8030000e80300000082c2"
"1796","0x52","0151a2511831638e1a9de6587a97de1be564d220"
"1797","0x52","0051fa05b79ec44eb91f44c18f"
"1799","0x1b","0051a3511e00030000000068638e1acca7de21cf4e728a387ac9a87b8a3071083ab8ab90fe"
"1800","0x52","005240520100c3e9"
"1802","0x1b","00524152170041000000000000000000000000000000012c01102701baef"
"1803","0x52","0053b25300ef07"
"1805","0x1b","0053b3531301dc00016400000004020000000000000000004ab0"
"1806","0x52","00546a54004d52"
"1808","0x1b","00546b541800006405a40100006405a40100006405a40100006405a4017c0e"
"1809","0x52","00556a55007c61"
"1811","0x1b","00556b551800006405a40100006405a40100006405a40100006405a4011da2"
"1812","0x52","0056725600edde"
"1814","0x1b","005673562e00000000000000b4006e001e000170170000102700000000000000000000ffffffff040001005555555555555555f64f"
"1815","0x52","00574257020000910e"
"1817","0x1b","005743570f00000000e803701700006e001e000f3d89"
"1818","0x52","00586a58002017"
"1820","0x1b","00586b581800006405a40100006405a40100006405a40100006405a40117ac"
"1823","0x52","0059365900be0f"
"1825","0x1b","00593759086e638e1ac30e0000b7b5"
"1828","0x52","035a9e5a3de80300000300000008000000000000"
"1829","0x52","025a000000000000000000000000000000000000"
"1830","0x52","015a000000006e638e1a7e34d7efb718c1b44b4d"
"1831","0x52","005a33a17d228e6abbb2be087c1c"
"1834","0x1b","005a9f5a1e0003000000007b638e1a402315281428c820de2eeb2193d371bde800ac68a5fc"
"1835","0x1b","00040000"
"1836","0x52","00000000"
"1837","0x52","005b2c5b007eed"
"1838","0x1b","20040000"
"1840","0x1b","005b2d5b0f0203001ac37b638e1ae803000008088181"
"1841","0x52","005c2e5c00891a"
"1843","0x1b","005c2f5c120000001ac300000000000000000000000000e908"
"1844","0x52","005da45d0023d5"
"1846","0x1b","005da55d180000000000000000000000000000000000000000000000005a54"
"1847","0x52","005e3a5e0048e3"
"1849","0x1b","005e3b5e0c151200000000000014120000a46a"
"1850","0x52","005f3a5f0079d0"
"1852","0x1b","005f3b5f0c151200000000000014120000c511"
"1853","0x52","0060286000d1e8"
"1855","0x1b","0060296009e8030000e803000000c53d"
"1856","0x52","0061226100211c"
"1858","0x1b","00612361080000000000000400e6c7"
"1859","0x52","0062386200d0cd"
"1861","0x1b","006239620900ffc8c80000000100725f"
"1862","0x52","00633a63008190"
"1864","0x1b","00633b630c151200000000000014120000335c"
"1865","0x52","0064b26400ed9b"
"1867","0x1b","0064b3641301dc0001640000000402000000000000000000bc3a"
"1868","0x52","00652c6500e4cb"
"1870","0x1b","00652d650f02030001647b638e1ae80300000808d465"
"1871","0x52","00662e6600d7f0"
"1873","0x1b","00662f66120000000164000000000000000000000000009e53"
"1874","0x52","0067a467007d3f"
"1876","0x1b","0067a56718000000000000000000000000000000000000000000000000fa86"
"1877","0x52","00000000"
"1878","0x52","00683c6805141200000dddaf"
"1880","0x1b","00683d6802002ac10b"
"1881","0x52","0069b26900b1ed"
"1883","0x1b","0000810050032a2a017b638e1a141200000300000000000000000000000000000057017b638e1a131200005a00030000000000000000000000000025017b638e1a121200005a000300000000000000000000000000ba4d"
"1884","0x1b","0000810050032a24017b638e1a111200006e638e1a5a080300e80300000000000027017b638e1a101200000300000101000000000000000000000042007b638e1a0f1200000300000000000000000000000000803f3212"
"1885","0x1b","0069b3691301dc00016400000004020000000000000000008747"
"1886","0x52","006a6a6a00d774"
"1888","0x1b","0000810050032a41007b638e1a0e1200000300046400000000000000000100010040007b638e1a0d12000003000300000000000000000000000000ce007b638e1a0c120000030002010000000000000000000000004c4f"
"1889","0x1b","0000810050032ac10075638e1a0b1200002a2a010055007e08e803000000000000290168638e1a0a12000003000000000000000000000000000000520168638e1a0912000031638e1a0000000000000000000000007d0b"
"1890","0x1b","006a6b6a1800006405a40100006405a40100006405a40100006405a4011a4d"
"1891","0x52","006b6a6b00e647"
"1893","0x1b","000081001c012a270168638e1a081200000300010000000000000000000000000012a9"
"1894","0x1b","006b6b6b1800006405a40100006405a40100006405a40100006405a4017be1"
"1895","0x1b","00040000"
"1896","0x52","00000000"
"1897","0x52","006c2c6c007c71"
"1900","0x1b","006c2d6c0f01030005a48a638e1ae803000008085885"
"1901","0x52","006d2e6d002d2c"
"1903","0x1b","006d2f6d1200000005a4000000000000000000000000008157"
"1904","0x52","006ea46e00e585"
"1906","0x1b","006ea56e180000000000000000000000000000000000000000000000003619"
"1907","0x52","006f3a6f00ecd5"
"1909","0x1b","006f3b6f0c18120000000000001712000028c4"
"1910","0x52","00703a7000a1c6"
"1912","0x1b","00703b700c181200000000000017120000b299"
"1913","0x52","00713c7105171200000376bc"
"1915","0x1b","00713d7102002b30f3"
"1916","0x1b","0000810050032b18018a638e1a17120000030001050803e803000000000000000037008a638e1a1612000003000100000000000000803f00000000170080638e1a15120000640000006400000001000000e4bf9f036999"
"1917","0x52","0072367200a2d5"
"1919","0x1b","0072377208a9638e1afe0e000018ae"
"1920","0x52","00733a7300f293"
"1924","0x1b","00733b730c1812000000000000171200001114"
"1925","0x1b","200c0000"
"1926","0x52","00742874006627"
"1928","0x1b","0074297409e8030000e803000000bf39"
"1929","0x52","007522750096d3"
"1931","0x1b","0075237508000000000000040045fe"
"1932","0x52","00763876006702"
"1934","0x1b","007639760900ffc8c8c8000001009d6a"
"1935","0x52","00773a7700365f"
"1937","0x1b","00773b770c231200000000000022120000df3e"
"1938","0x52","0078b27800f3dd"
"1940","0x1b","0078b3781301dc0001640000000402000000000000000000bc1c"
"1941","0x52","00792c7900fa8d"
"1943","0x1b","00792d790f000000016400000000000000000000ff49"
"1944","0x52","007a2e7a00c9b6"
"1946","0x1b","007a2f7a12000000016400000000000000000000000000b853"
"1947","0x52","007ba47b006379"
"1949","0x1b","007ba57b180103000000b2638e1ae803000003080800000000e8030000bad6"
"1950","0x52","007c6c7c00a26f"
"1952","0x1b","007c6d7c11e803000050460000e8030000e80300000141dd"
"1953","0x52","00000000"
"1954","0x52","007d3a7d00fdb0"
"1956","0x1b","007d3b7d0c2312000000000000221200007623"
"1957","0x52","007eb27e005577"
"1959","0x1b","007eb37e1301dc0001640000000402000000000000000000cac0"
"1960","0x52","007f3c7f05221200000b4f20"
"1962","0x1b","007f3d7f02002c8d21"
"1963","0x52","00806a8000ae8b"
"1965","0x1b","0000810050032c1400b2638e1a22120000030003000000803f0000803f0000803fcf00b2638e1a21120000030002010000803f0000803f0000803f1801b2638e1a20120000030000050803e803000000000000e8030dc3"
"1966","0x1b","0000810050032c5100b2638e1a1f120000abaaaa3d0000803f0000000000645010c300b2638e1a1e1200000000000080a812010000803f0000803fc200b2638e1a1d12000001000000000020410000204100002041533b"
"1967","0x1b","00806b801800006405a40100006405a40100006405a40100006405a4011a7f"
"1968","0x52","00816a81009fb8"
"1970","0x1b","0000810050032c0900b1638e1a1c1200006464050400000000b40001ffffff00000a00b1638e1a1b12000001030000047ba003e97ca0038c7ea0031600b0638e1a1a120000640000006400000001000000c978a003b8e2"
"1971","0x1b","0000810036022c1100af638e1a19120000b273a0030000000000000000000000001100ae638e1a18120000ef72a003010000000000000000000000bc87"
"1972","0x1b","00816b811800006405a40100006405a40100006405a40100006405a4017bd3"
